{
  "nodes": [],
  "connections": [],
  "viewport": {
    "x": 1657.5669586181643,
    "y": 564.9482128143311,
    "k": 0.2298817892218158
  },
  "autoSaved": true,
  "timestamp": 1766124784336
}